<?xml version="1.0" encoding="UTF-8"?>
<project-private xmlns="http://www.netbeans.org/ns/project-private/1">
    <editor-bookmarks xmlns="http://www.netbeans.org/ns/editor-bookmarks/2" lastBookmarkId="0"/>
    <open-files xmlns="http://www.netbeans.org/ns/projectui-open-files/2">
        <group>
            <file>file:/C:/Users/ACER/Documents/william/6TO%20semestre/ING%20de%20software/compiladores-master/src/inter/Nodo.java</file>
            <file>file:/C:/Users/ACER/Documents/william/6TO%20semestre/ING%20de%20software/compiladores-master/src/inter/Break.java</file>
            <file>file:/C:/Users/ACER/Documents/william/6TO%20semestre/ING%20de%20software/compiladores-master/src/inter/Or.java</file>
            <file>file:/C:/Users/ACER/Documents/william/6TO%20semestre/ING%20de%20software/compiladores-master/src/symbols/Arreglo.java</file>
            <file>file:/C:/Users/ACER/Documents/william/6TO%20semestre/ING%20de%20software/compiladores-master/src/analizadorLexico/Num.java</file>
            <file>file:/C:/Users/ACER/Documents/william/6TO%20semestre/ING%20de%20software/compiladores-master/src/analizador/Analizador.java</file>
            <file>file:/C:/Users/ACER/Documents/william/6TO%20semestre/ING%20de%20software/compiladores-master/src/inter/Rel.java</file>
            <file>file:/C:/Users/ACER/Documents/william/6TO%20semestre/ING%20de%20software/compiladores-master/src/inter/And.java</file>
            <file>file:/C:/Users/ACER/Documents/william/6TO%20semestre/ING%20de%20software/compiladores-master/src/inter/EstElem.java</file>
            <file>file:/C:/Users/ACER/Documents/william/6TO%20semestre/ING%20de%20software/compiladores-master/src/analizadorLexico/AnalizadorLexico.java</file>
            <file>file:/C:/Users/ACER/Documents/william/6TO%20semestre/ING%20de%20software/compiladores-master/src/inter/Acceso.java</file>
            <file>file:/C:/Users/ACER/Documents/william/6TO%20semestre/ING%20de%20software/compiladores-master/src/analizadorLexico/Real.java</file>
            <file>file:/C:/Users/ACER/Documents/william/6TO%20semestre/ING%20de%20software/compiladores-master/src/inter/If.java</file>
            <file>file:/C:/Users/ACER/Documents/william/6TO%20semestre/ING%20de%20software/compiladores-master/src/analizadorLexico/Palabra.java</file>
            <file>file:/C:/Users/ACER/Documents/william/6TO%20semestre/ING%20de%20software/compiladores-master/src/inter/Constante.java</file>
            <file>file:/C:/Users/ACER/Documents/william/6TO%20semestre/ING%20de%20software/compiladores-master/src/inter/Do.java</file>
            <file>file:/C:/Users/ACER/Documents/william/6TO%20semestre/ING%20de%20software/compiladores-master/src/inter/Op.java</file>
            <file>file:/C:/Users/ACER/Documents/william/6TO%20semestre/ING%20de%20software/compiladores-master/src/inter/Est.java</file>
            <file>file:/C:/Users/ACER/Documents/william/6TO%20semestre/ING%20de%20software/compiladores-master/src/inter/Temp.java</file>
            <file>file:/C:/Users/ACER/Documents/william/6TO%20semestre/ING%20de%20software/compiladores-master/src/analizadorLexico/Token.java</file>
            <file>file:/C:/Users/ACER/Documents/william/6TO%20semestre/ING%20de%20software/compiladores-master/src/inter/Id.java</file>
            <file>file:/C:/Users/ACER/Documents/william/6TO%20semestre/ING%20de%20software/compiladores-master/src/inter/Unario.java</file>
            <file>file:/C:/Users/ACER/Documents/william/6TO%20semestre/ING%20de%20software/compiladores-master/src/inter/Else.java</file>
            <file>file:/C:/Users/ACER/Documents/william/6TO%20semestre/ING%20de%20software/compiladores-master/src/symbols/Tipo.java</file>
            <file>file:/C:/Users/ACER/Documents/william/6TO%20semestre/ING%20de%20software/compiladores-master/src/analizadorLexico/Etiqueta.java</file>
            <file>file:/C:/Users/ACER/Documents/william/6TO%20semestre/ING%20de%20software/compiladores-master/src/inter/Instr.java</file>
            <file>file:/C:/Users/ACER/Documents/william/6TO%20semestre/ING%20de%20software/compiladores-master/src/inter/Not.java</file>
            <file>file:/C:/Users/ACER/Documents/william/6TO%20semestre/ING%20de%20software/compiladores-master/src/inter/Logica.java</file>
            <file>file:/C:/Users/ACER/Documents/william/6TO%20semestre/ING%20de%20software/compiladores-master/src/main/Main.java</file>
            <file>file:/C:/Users/ACER/Documents/william/6TO%20semestre/ING%20de%20software/compiladores-master/src/inter/Expr.java</file>
            <file>file:/C:/Users/ACER/Documents/william/6TO%20semestre/ING%20de%20software/compiladores-master/src/inter/Arit.java</file>
        </group>
    </open-files>
</project-private>
